<?xml version="1.0" encoding="UTF-8"?>
<beans xmlns="http://www.springframework.org/schema/beans"
       xmlns:xsi="http://www.w3.org/2001/XMLSchema-instance"
       xmlns:tx="http://www.springframework.org/schema/tx"
       xmlns:context="http://www.springframework.org/schema/context"
       xmlns:aop="http://www.springframework.org/schema/aop"
       xsi:schemaLocation="http://www.springframework.org/schema/beans http://www.springframework.org/schema/beans/spring-beans-4.3.xsd
http://www.springframework.org/schema/tx http://www.springframework.org/schema/tx/spring-tx-4.2.xsd
http://www.springframework.org/schema/context http://www.springframework.org/schema/context/spring-context-4.3.xsd http://www.springframework.org/schema/aop http://www.springframework.org/schema/aop/spring-aop.xsd">
    <!--spring的配置文件-->
    <!-- 开启Spring的Bean的自动扫描的包-->
    <context:component-scan base-package="com.huaqi">
        <context:exclude-filter type="annotation" expression="org.springframework.stereotype.Controller"/>
    </context:component-scan>

    <!-- =======================配置数据源 ==============================-->
    <context:property-placeholder location="classpath:dbconfig.properties"/><!--引入配置文件-->
    <bean id="dataSource" class="com.mchange.v2.c3p0.ComboPooledDataSource">
        <property name="driverClass" value="${jdbc.driverClass}"/>
        <property name="jdbcUrl" value="${jdbc.jdbcUrl}"/>
        <property name="user" value="${jdbc.user}"/>
        <property name="password" value="${jdbc.password}"/>
    </bean>
    <!--================配置和Mybatis的整合======================-->

    <!--配置SqlSessionFactory-->
    <bean id="sqlSessionFactory" class="org.mybatis.spring.SqlSessionFactoryBean">
        <property name="dataSource" ref="dataSource"/>
        <property name="configLocation" value="classpath:mybatis-config.xml"/><!--指定mybatis全局配置的文件-->
        <property name="mapperLocations" value="classpath:mapper/*.xml"/><!--指定mybatis mapper文件的位置-->
    </bean>
    <!--配置扫描器，将mybatis接口的实现加入IOC容器中-->
    <bean class="org.mybatis.spring.mapper.MapperScannerConfigurer">
        <property name="basePackage" value="com.huaqi.dao"/><!--扫描dao接口的实现，加入IOC容器中-->
        <property name="sqlSessionFactoryBeanName" value="sqlSessionFactory"/>
    </bean>

    <!--============================================= 配置事务管理=====================================-->
    <bean id="transactionManager" class="org.springframework.jdbc.datasource.DataSourceTransactionManager">
        <property name="dataSource" ref="dataSource"/>
    </bean>

    <!--开启基于注解的事务，使用xml配置形式的事务-->
    <aop:config>
        <!--切入点表达式-->
        <aop:pointcut expression="execution(* com.huaqi.service..*(..))" id="txPoint"/>
        <!--配置事务增强-->
        <aop:advisor advice-ref="txAdvice" pointcut-ref="txPoint"/>
    </aop:config>

    <!--配置事务增强，事务如何切入-->
    <tx:advice id="txAdvice" transaction-manager="transactionManager">
        <tx:attributes>
            <tx:method name="*"/><!--所有方法都是事务方法-->
            <tx:method name="get*" read-only="true"/><!--get开始的所有方法-->
        </tx:attributes>
    </tx:advice>
</beans>