<?xml version="1.0" encoding="UTF-8"?>
<beans xmlns="http://www.springframework.org/schema/beans"
       xmlns:xsi="http://www.w3.org/2001/XMLSchema-instance"
       xmlns:mvc="http://www.springframework.org/schema/mvc"
       xmlns:context="http://www.springframework.org/schema/context"
       xsi:schemaLocation="http://www.springframework.org/schema/beans http://www.springframework.org/schema/beans/spring-beans-4.3.xsd
http://www.springframework.org/schema/mvc http://www.springframework.org/schema/mvc/spring-mvc-4.3.xsd
http://www.springframework.org/schema/context http://www.springframework.org/schema/context/spring-context-4.3.xsd
">
    <!--包含网站跳转逻辑的控制配置-->
    <!-- 配置Spring的Bean的自动扫描的包 -->
    <context:component-scan base-package="com.huaqi" use-default-filters="false">
        <!--只扫描控制器-->
        <context:include-filter type="annotation" expression="org.springframework.stereotype.Controller"/>
        <!--context:include-filter type="annotation" expression="org.springframework.web.bind.annotation.ControllerAdvice"/-->
    </context:component-scan>

    <!-- 配置视图解析器，将控制器方法返回的逻辑视图解析为物理视图-->
    <bean class="org.springframework.web.servlet.view.InternalResourceViewResolver">
        <!-- 制定页面存放的路径 -->
        <property name="prefix" value="/WEB-INF/views/"/>
        <!-- 文件的后缀 -->
        <property name="suffix" value=".jsp"/>
    </bean>

    <!-- 开启注解模式驱动，能支持spring的一些更高级功能 -->
    <mvc:annotation-driven/>
    <!-- 允许使用静态资源,将springmvc不能处理的请求交给tomcat -->
    <mvc:default-servlet-handler/>


</beans>